REGION,SURROGATE,SURROGATE CODE,DATA SHAPEFILE,DATA ATTRIBUTE,WEIGHT SHAPEFILE,WEIGHT ATTRIBUTE,WEIGHT FUNCTION,FILTER FUNCTION,MERGE FUNCTION,SECONDARY SURROGATE,TERTIARY SURROGATE,QUARTERNARY SURROGATE,DETAILS,COMMENTS
USA,Population,100,cb_2014_us_county_500k_Poly,GEOID,ACS_2014_5YR_PopHousing,POP2014,,,,,,,Total population from Census 2014 blocks,
USA,Housing,110,cb_2014_us_county_500k_Poly,GEOID,ACS_2014_5YR_PopHousing,HU2014,,,,Population,,,Total Housing Units from Census 2014,
USA,Urban Housing,131,cb_2014_us_county_500k_Poly,GEOID,ACS_2014_5YR_PopHousing,NONE,,HUD_CODE=1,,Housing,Population,NLCD Land,,Housing unit density assigned to Census block groups 2010; Urban defined as Census block groups with density >= 1000 people/mi2
USA,Suburban Housing,132,cb_2014_us_county_500k_Poly,GEOID,ACS_2014_5YR_PopHousing,NONE,,HUD_CODE=2,,Housing,Population,NLCD Land,,Housing unit density assigned to Census block groups 2010; Suburban defined as Census block groups with density >=125 and <1000 people/mi2
USA,Rural Housing,134,cb_2014_us_county_500k_Poly,GEOID,ACS_2014_5YR_PopHousing,NONE,,HUD_CODE=4,,Housing,Population,NLCD Land,,Housing unit density assigned to Census block groups 2010; Rural defined as Census block groups with density < 6 people/mi2
USA,Housing Change,137,cb_2014_us_county_500k_Poly,GEOID,ACS_2014_5YR_PopHousing,HUCH14_10,,,,Housing,Population,NLCD Land,Housing change from 2010 to 2014 census blocks,
USA,Housing Change and Population,140,cb_2014_us_county_500k_Poly,GEOID,,,,,0.5*Housing Change+0.5*Population,Population,,,Combination of the change in housing between 2000 and 2010 and year 2010 population,
USA,Residential Heating - Natural Gas,150,cb_2014_us_county_500k_Poly,GEOID,ACS_2014_5YR_PopHousing,UTIL_GAS,,,,Housing,,,Number of Housing Units using Utility Gas for primary heating: ACS 5-year 2014 survey data,
USA,Residential Heating - Wood,160,cb_2014_us_county_500k_Poly,GEOID,ACS_2014_5YR_PopHousing,WOOD,,,,Housing,,,Number of Housing Units using Wood for primary heating: ACS 5-year 2014 survey data,
USA,Residential Heating - Distillate Oil,170,cb_2014_us_county_500k_Poly,GEOID,ACS_2014_5YR_PopHousing,FUEL_OIL,,,,Housing,,,Number of Housing Units using Fuel Oil for primary heating: ACS 5-year 2014 survey data,
USA,Residential Heating - Coal,180,cb_2014_us_county_500k_Poly,GEOID,ACS_2014_5YR_PopHousing,COAL,,,,Housing,,,Number of Housing Units using Coal for primary heating: ACS 5-year 2014 survey data,
USA,Residential Heating - LP Gas,190,cb_2014_us_county_500k_Poly,GEOID,ACS_2014_5YR_PopHousing,LP_GAS,,,,Housing,,,Number of Housing Units using Bottled Gas for primary heating: ACS 5-year 2014 survey data,
USA,Urban Restricted Road Miles,201,cb_2014_us_county_500k_Poly,GEOID,hpms2013_lcc,NONE,,"RdTypeChar=""04""",,Total Road Miles,,,HPMS 2013 road miles for restricted/primary roads in Census urbanized areas,
USA,Urban Restricted AADT,202,cb_2014_us_county_500k_Poly,GEOID,hpms2013_lcc,aadt,,RdTypeChar=04,,Total Road Miles,,,HPMS 2013 Annual Average Daily Traffic for restricted/primary roads in Census urbanized areas,
USA,Extended Idle Locations,205,cb_2014_us_county_500k_Poly,GEOID,2016_PIL_16Aug,trucks_med,,,,Total Road Miles,,,Potential idling locations for long-haul diesel trucks,
USA,Rural Restricted Road Miles,211,cb_2014_us_county_500k_Poly,GEOID,hpms2013_lcc,NONE,,RdTypeChar=02,,Total Road Miles,,,HPMS 2013 road miles for restricted/primary roads outside of Census urbanized areas,
USA,Rural Restricted AADT,212,cb_2014_us_county_500k_Poly,GEOID,hpms2013_lcc,aadt,,RdTypeChar=02,,Total Road Miles,,,HPMS 2013 Annual Average Daily Traffic for restricted/primary roads outside of Census urbanized areas,
USA,Urban Unrestricted Road Miles,221,cb_2014_us_county_500k_Poly,GEOID,hpms2013_lcc,NONE,,RdTypeChar=05,,Total Road Miles,,,HPMS 2013 road miles for unrestricted/secondary roads in Census urbanized areas,
USA,Urban Unrestricted AADT,222,cb_2014_us_county_500k_Poly,GEOID,hpms2013_lcc,aadt,,RdTypeChar=05,,Total Road Miles,,,HPMS 2013 Annual Average Daily Traffic for unrestricted/secondary roads in Census urbanized areas,
USA,Rural Unrestricted Road Miles,231,cb_2014_us_county_500k_Poly,GEOID,hpms2013_lcc,NONE,,RdTypeChar=03,,Total Road Miles,,,HPMS 2013 road miles for unrestricted/secondary roads outside of Census urbanized areas,
USA,Rural Unrestricted AADT,232,cb_2014_us_county_500k_Poly,GEOID,hpms2013_lcc,aadt,,RdTypeChar=03,,Total Road Miles,,,HPMS 2013 Annual Average Daily Traffic for unrestricted/secondary roads outside of Census urbanized areas,
USA,Total Road AADT,239,cb_2014_us_county_500k_Poly,GEOID,hpms2013_lcc,aadt,,"RdTypeChar=02,03,04,05",,Total Road Miles,,,HPMS 2013 AADT for all roads,
USA,Total Road Miles,240,cb_2014_us_county_500k_Poly,GEOID,hpms2013_lcc,NONE,,"RdTypeChar=02,03,04,05",,,,,HPMS 2013 road miles for all roads,
USA,Total Restricted Road Miles,241,cb_2014_us_county_500k_Poly,GEOID,hpms2013_lcc,NONE,,"RdTypeChar=02,04",,Total Road Miles,,,HPMS 2013 road miles for restricted roads,
USA,All Restricted AADT,242,cb_2014_us_county_500k_Poly,GEOID,hpms2013_lcc,aadt,,"RdTypeChar=02,04",,Total Road Miles,,,HPMS 2013 AADT for restricted roads,
USA,Total Unrestricted Road Miles,243,cb_2014_us_county_500k_Poly,GEOID,hpms2013_lcc,NONE,,"RdTypeChar=03,05",,Total Road Miles,,,HPMS 2013 road miles for unrestricted roads,
USA,All Unrestricted AADT,244,cb_2014_us_county_500k_Poly,GEOID,hpms2013_lcc,aadt,,"RdTypeChar=03,05",,Total Road Miles,,,HPMS 2013 AADT for unrestricted roads,
USA,Intercity Bus Terminals,258,cb_2014_us_county_500k_Poly,GEOID,NTAD_2014_ipcd,NONE,,BUS_INTERC = 1,,Commercial plus Industrial,Population,NLCD Land,National Transportation Atlas Database 2014 intercity bus service terminals,
USA,Transit Bus Terminals,259,cb_2014_us_county_500k_Poly,GEOID,NTAD_2014_ipcd,NONE,,BUS_TRANSI = 1,,Commercial plus Industrial,Population,NLCD Land,National Transportation Atlas Database 2014 transit bus service terminals,
USA,Total Railroad Miles,260,cb_2014_us_county_500k_Poly,GEOID,TIGER_2014_Rail,NONE,,,,Total Road Miles,Population,,https://www2.census.gov/geo/pdfs/maps-data/data/tiger/tgrshp2014/TGRSHP2014_TechDoc.pdf for definition.  FCCS codes are no longer used in TIGER lines.  Now it uses MTFCC codes.,
USA,NTAD Total Railroad Density,261,cb_2014_us_county_500k_Poly,GEOID,NTAD_2014_Rail,DENS,,"RAILTYPE=1,2,3",,Total Railroad Miles,Total Road Miles,Population,see: http://www.ctre.iastate.edu/research/bts_wb/cd-rom/spatial/ntad.htm for definition.,
USA,NTAD Class 1 2 3 Railroad Density,271,cb_2014_us_county_500k_Poly,GEOID,NTAD_2014_Rail,DENS,,"RAILTYPE=""1""",,NTAD Total Railroad Density,Total Railroad Miles,Total Road Miles,NTAD freight density of non-passenger railroads,
USA,NTAD Amtrak Railroad Density,272,cb_2014_us_county_500k_Poly,GEOID,NTAD_2014_Rail,DENS,,"RAILTYPE=""2""",,NTAD Total Railroad Density,Total Railroad Miles,Total Road Miles,NTAD freight density of Amtrak railroads,
USA,NTAD Commuter Railroad Density,273,cb_2014_us_county_500k_Poly,GEOID,NTAD_2014_Rail,DENS,,"RAILTYPE=""3""",,NTAD Total Railroad Density,Total Railroad Miles,Total Road Miles,NTAD freight density of Amtrak railroads,
USA,ERTAC Rail Yards,275,cb_2014_us_county_500k_Poly,GEOID,ERTAC_railyard_WRF,NOXPMTOT,,,,NTAD Total Railroad Density,Total Railroad Miles,Population,ERTAC derived locations of rail yards weighted by sum of PM2.5 and NOx emissions,
USA,Class 2 and 3 Railroad Miles,280,cb_2014_us_county_500k_Poly,GEOID,TIGER_2014_Rail,NONE,,"MTFCC=R1051,R1052",,Total Railroad Miles,Total Road Miles,Population,Railroad Miles of Class 2 and 3 railroads,
USA,NLCD Low Intensity Development,300,cb_2014_us_county_500k_Poly,GEOID,CONUS_AK_NLCD_2011_500m_WGS,NONE,,GRIDCODE=22,,Rural Housing,Population,NLCD Land,Locations of NLCD Low Intensity Development: 20%-49% Impervious,
USA,NLCD Med Intensity Development,301,cb_2014_us_county_500k_Poly,GEOID,CONUS_AK_NLCD_2011_500m_WGS,NONE,,GRIDCODE=23,,Suburban Housing,Population,NLCD Land,Locations of NLCD Med Intensity Residential Land: 50%-79% Impervious,
USA,NLCD High Intensity Development,302,cb_2014_us_county_500k_Poly,GEOID,CONUS_AK_NLCD_2011_500m_WGS,NONE,,GRIDCODE=24,,Urban Housing,Population,NLCD Land,Locations of NLCD High Intensity Residential Land: >79% Impervious,
USA,NLCD Open Space,303,cb_2014_us_county_500k_Poly,GEOID,CONUS_AK_NLCD_2011_500m_WGS,NONE,,GRIDCODE=21,,Population,NLCD Land,,Locations of NLCD Open Space Land: < 20% Impervious,
USA,NLCD Open + Low,304,cb_2014_us_county_500k_Poly,GEOID,CONUS_AK_NLCD_2011_500m_WGS,NONE,,"GRIDCODE=21,22",,Rural Housing,Population,NLCD Land,Locations of NLCD Impervious < 49%,
USA,NLCD Low + Med,305,cb_2014_us_county_500k_Poly,GEOID,CONUS_AK_NLCD_2011_500m_WGS,NONE,,"GRIDCODE=22,23",,Suburban Housing,Population,NLCD Land,Locations of NLCD Impervious 20% - 79%,
USA,NLCD Med + High,306,cb_2014_us_county_500k_Poly,GEOID,CONUS_AK_NLCD_2011_500m_WGS,NONE,,"GRIDCODE=23,24",,Urban Housing,Population,NLCD Land,Locations of NLCD Impervious > 50% ,
USA,NLCD All Development,307,cb_2014_us_county_500k_Poly,GEOID,CONUS_AK_NLCD_2011_500m_WGS,NONE,,"GRIDCODE=21,22,23,24",,Urban Housing,Population,NLCD Land,Locations of all NLCD Impervious > 0 ,
USA,NLCD Low + Med + High,308,cb_2014_us_county_500k_Poly,GEOID,CONUS_AK_NLCD_2011_500m_WGS,NONE,,"GRIDCODE=22,23,24",,Urban Housing,Population,NLCD Land,Locations of NLCD Impervious > 20% ,
USA,NLCD Open + Low + Med,309,cb_2014_us_county_500k_Poly,GEOID,CONUS_AK_NLCD_2011_500m_WGS,NONE,,"GRIDCODE=21,22,23",,Urban Housing,Population,NLCD Land,Locations of NLCD Impervious < 80% ,
USA,NLCD Total Agriculture,310,cb_2014_us_county_500k_Poly,GEOID,CONUS_AK_NLCD_2011_500m_WGS,NONE,,"GRIDCODE=81,82",,Rural Housing,NLCD Land,,Locations of NLCD categories Pasture/Hay and Row Crops,
USA,NLCD Pasture Land,318,cb_2014_us_county_500k_Poly,GEOID,CONUS_AK_NLCD_2011_500m_WGS,NONE,,GRIDCODE=81,,Rural Housing,NLCD Land,,Locations of NLCD Pasture/Hay category,
USA,NLCD Crop Land,319,cb_2014_us_county_500k_Poly,GEOID,CONUS_AK_NLCD_2011_500m_WGS,NONE,,GRIDCODE=82,,Rural Housing,NLCD Land,,Locations of NLCD Row Crops category,
USA,NLCD Forest Land,320,cb_2014_us_county_500k_Poly,GEOID,CONUS_AK_NLCD_2011_500m_WGS,NONE,,"GRIDCODE=41,42,43",,Rural Housing,NLCD Land,,Location of NLCD categories deciduous+evergreen+mixed forest,
USA,NLCD Recreational Land,321,cb_2014_us_county_500k_Poly,GEOID,CONUS_AK_NLCD_2011_500m_WGS,NONE,,"GRIDCODE=21,31,41,42,43,52,71",,Rural Housing,NLCD Land,,Location of NLCD categories where recreation may occur,
USA,NLCD Land,340,cb_2014_us_county_500k_Poly,GEOID,CONUS_AK_NLCD_2011_500m_WGS,NONE,,GRIDCODE!=11,,,,,Locations of NCLD land categories,
USA,NLCD Water,350,cb_2014_us_county_500k_Poly,GEOID,CONUS_AK_NLCD_2011_500m_WGS,NONE,,GRIDCODE=11,,,,,Locations of NLCD water category,
USA,Commercial Land,500,cb_2014_us_county_500k_Poly,GEOID,fema_bsf_2002bnd,,COM1+COM2+COM3+COM4+COM5+COM6+COM7+COM8+COM9,,,Population,NLCD Land,,Sum of building square footage from the following FEMA categories:  COM1 + COM2 + COM3 + COM4 + COM5 + COM6 + COM7 + COM8 + COM9,
USA,Industrial Land,505,cb_2014_us_county_500k_Poly,GEOID,fema_bsf_2002bnd,,IND1+IND2+IND3+IND4+IND5+IND6,,,Population,NLCD Land,,Sum of building square footage from the following FEMA categories:  IND1 + IND2 + IND3 + IND4 + IND5 + IND6,
USA,Education,506,cb_2014_us_county_500k_Poly,GEOID,fema_bsf_2002bnd,,EDU1+EDU2,,,Population,NLCD Land,,Sum of building square footage from the following FEMA categories:  Grade Schools + Colleges/Universities,
USA,Heavy Light Construction Industrial Land,507,cb_2014_us_county_500k_Poly,GEOID,fema_bsf_2002bnd,,IND1+IND2+IND6,,,Population,NLCD Land,,Sum of building square footage from the following FEMA categories:  IND1 + IND2 + IND3 + IND4 + IND5 + IND6,
USA,Commercial plus Industrial,510,cb_2014_us_county_500k_Poly,GEOID,fema_bsf_2002bnd,,COM1+COM2+COM3+COM4+COM5+COM6+COM7+COM8+COM9+IND1+IND2+IND3+IND4+IND5+IND6,,,Population,NLCD Land,,Sum of building square footage from the following FEMA categories:  COM1 + COM2 + COM3 + COM4 + COM5 + COM6 + COM7 + COM8 + COM9 + IND1 + IND2 + IND3 + IND4 + IND5 + IND6,
USA,Commercial plus Institutional Land,515,cb_2014_us_county_500k_Poly,GEOID,fema_bsf_2002bnd,,COM1 + COM2 + COM3 + COM4 + COM5 + COM6 + COM7 + COM8 + COM9 + RES5 + RES6 + EDU1 + EDU2 + REL1,,,Population,NLCD Land,,Sum of building square footage from the following FEMA categories:  COM1 + COM2 + COM3 + COM4 + COM5 + COM6 + COM7 + COM8 + COM9 + RES5 + RES6 + EDU1 + EDU2 + REL1,
USA,Commercial plus Industrial plus Institutional,520,cb_2014_us_county_500k_Poly,GEOID,fema_bsf_2002bnd,,COM1 + COM2 + COM3 + COM4 + COM5 + COM6 + COM7 + COM8 + COM9 + IND1 + IND2 + IND3 + IND4 + IND5 + IND6 + RES5 + RES6 + EDU1 + EDU2 + REL1,,,Population,NLCD Land,,Sum of building square footage from the following FEMA categories:  COM1 + COM2 + COM3 + COM4 + COM5 + COM6 + COM7 + COM8 + COM9 + IND1 + IND2 + IND3 + IND4 + IND5 + IND6 + RES5 + RES6 + EDU1 + EDU2 + REL1,
USA,Golf Courses plus Institutional plus Industrial plus Commercial,525,cb_2014_us_county_500k_Poly,GEOID,,,,,0.5*Commercial plus Industrial plus Institutional+0.5*Golf Courses,Golf Courses,Commercial plus Industrial plus Institutional,Population,Combination of point golf courses with FEMA building square footages for all categories in Commerical plus Institutional Land and Industrial Land,
USA,Residential - Non-Institutional,526,cb_2014_us_county_500k_Poly,GEOID,fema_bsf_2002bnd,,RES1+RES2+RES3,,,Housing,Population,,FEMA building square footage for single family homes trailer parks and multi-family,
USA,Single Family Residential,527,cb_2014_us_county_500k_Poly,GEOID,fema_bsf_2002bnd,RES1,,,,Housing,Population,NLCD Land,building square footage from single family dwellings (RES1) ,For Secondary gap-filling.  Not in Table1. Available U.S. surrogates.
USA,Residential + Commercial + Industrial + Institutional + Government,535,cb_2014_us_county_500k_Poly,GEOID,fema_bsf_2002bnd,,COM1 + COM2 + COM3 + COM4 + COM5 + COM6 + COM7 + COM8 + COM9 +  IND1 +IND2 + IND3 +  IND4 + IND5 + IND6 + EDU1 + EDU2 + REL1 + GOV1 + GOV2 + RES1 + RES2 + RES3 + RES4,,,Population,NLCD Land,,sum of building square footage from the following FEMA categories:  COM1 + COM2 + COM3 + COM4 + COM5 + COM6 + COM7 + COM8 + COM9 +  IND1 +IND2 + IND3 +  IND4 + IND5 + IND6 + EDU1 + EDU2 + REL1 + GOV1 + GOV2 + RES1 + RES2 + RES3 + RES4,
USA,Retail Trade (COM1),540,cb_2014_us_county_500k_Poly,GEOID,fema_bsf_2002bnd,COM1,,,,Personal Repair (COM3),Commercial Land,Population,"building square footage from Retail Trade:  SIC Codes:  52,53,54,55,56,57,59",
USA,Personal Repair (COM3),545,cb_2014_us_county_500k_Poly,GEOID,fema_bsf_2002bnd,COM3,,,,Commercial Land,Population,NLCD Land,"building square footage from Personal/Repair Services:  SIC Codes:  72,75,76,83,88",
USA,Professional/Technical (COM4) plus General Government (GOV1),555,cb_2014_us_county_500k_Poly,GEOID,fema_bsf_2002bnd,,COM4+GOV1,,,Commercial Land,Residential + Commercial + Industrial + Institutional + Government,Population,sum of building square footage from the following FEMA categories:  COM4 + GOV1,
USA,Hospital (COM6),560,cb_2014_us_county_500k_Poly,GEOID,fema_bsf_2002bnd,COM6,,,,Commercial Land,Population,,"building square footage from Hospitals:  SIC Codes:  8062,8063,8069",
USA,Light and High Tech Industrial (IND2 + IND5),575,cb_2014_us_county_500k_Poly,GEOID,fema_bsf_2002bnd,,IND2+IND5,,,Industrial Land,Population,NLCD Land,sum of building square footage from the following FEMA categories:  IND2 + IND5,Total Industrial in Table1. Available U.S. Surrogates is the same as Industrial Land?
USA,Food Drug Chemical Industrial (IND3),580,cb_2014_us_county_500k_Poly,GEOID,fema_bsf_2002bnd,IND3,,,,Industrial Land,Population,NLCD Land,"building square footage from Food/Drugs/Chemical Factories:  SIC Codes:  20,21,28,29",
USA,Metals and Minerals Industrial (IND4),585,cb_2014_us_county_500k_Poly,GEOID,fema_bsf_2002bnd,IND4,,,,Industrial Land,Population,NLCD Land,"building square footage from Metals/Minerals Processing Factories:  SIC Codes:  10,12,13,14,33",
USA,Heavy Industrial (IND1),590,cb_2014_us_county_500k_Poly,GEOID,fema_bsf_2002bnd,IND1,,,,Industrial Land,Population,NLCD Land,"building square footage from Heavy Industrial Factories - SIC Codes:  22,24,26,32,34,35 (except 3571,3572), 37",Total Industrial in Table1. Available U.S. Surrogates is the same as Industrial Land?
USA,Light Industrial (IND2),595,cb_2014_us_county_500k_Poly,GEOID,fema_bsf_2002bnd,IND2,,,,Industrial Land,Population,NLCD Land,"building square footage from Light Industrial Factories:  SIC Codes:  23,25,27,30,31,36 (except 3671,3672,3674), 38,39",Total Industrial in Table1. Available U.S. Surrogates is the same as Industrial Land?
USA,Industrial plus Institutional plus Hospitals,596,cb_2014_us_county_500k_Poly,GEOID,fema_bsf_2002bnd,,IND1+IND2+IND3+IND4+IND5+IND6+COM6+EDU1+EDU2+REL1+RES5+RES6,,,Population,NLCD Land,,"sum of building square footage from IND1, IND2, IND3, IND4, IND5, IND6, COM6, EDU1, EDU2, REL1, RES5, RES6",
USA,Refineries and Tank Farms,650,cb_2014_us_county_500k_Poly,GEOID,EIA_2015_US-Oil,NONE,,,,Industrial Land,Population,NLCD Land,Number of Oil Refineries and Tank Farms,
USA,Spud Count - CBM Wells,670,cb_2014_us_county_500k_Poly,GEOID,SpudCount_CBM,SPUD_COU_1,,,,Industrial Land,Population,NLCD Land,,
USA,Spud Count - Gas Wells,671,cb_2014_us_county_500k_Poly,GEOID,SpudCount_Gas,SPUD_COU_1,,,,Industrial Land,Population,NLCD Land,,
USA,Gas Production at Oil Wells,672,cb_2014_us_county_500k_Poly,GEOID,AssocGasProduction,ASSOCIAT_1,,,,Industrial Land,Population,NLCD Land,,
USA,Oil Production at CBM Wells,673,cb_2014_us_county_500k_Poly,GEOID,CondensateCBMProd,CONDENSA_1,,,,Industrial Land,Population,NLCD Land,,
USA,Unconventional Well Completion Counts,674,cb_2014_us_county_500k_Poly,GEOID,SpudCount_HF,SPUD_HF_21,,,,Industrial Land,Population,NLCD Land,,
USA,Well Count - All Producing,676,cb_2014_us_county_500k_Poly,GEOID,AllProductionWells,TOTAL_PR_1,,,,Industrial Land,Population,NLCD Land,,
USA,Well Count - All Exploratory,677,cb_2014_us_county_500k_Poly,GEOID,AllExploratoryWells,TOTAL_EX_1,,,,Industrial Land,Population,NLCD Land,,
USA,Completions at Gas Wells,678,cb_2014_us_county_500k_Poly,GEOID,Completions_Gas,COMPLETI_1,,,,Industrial Land,Population,NLCD Land,,
USA,Completions at CBM Wells,679,cb_2014_us_county_500k_Poly,GEOID,Completions_CBM,COMPLETI_1,,,,Industrial Land,Population,NLCD Land,,
USA,Spud Count - Oil Wells,681,cb_2014_us_county_500k_Poly,GEOID,SpudCount_Oil,SPUD_COU_1,,,,Industrial Land,Population,NLCD Land,,
USA,Produced Water at All Wells,683,cb_2014_us_county_500k_Poly,GEOID,ProducedWater_All,PRODUCED_1,,,,Industrial Land,Population,NLCD Land,,
USA,Completions at Oil Wells,685,cb_2014_us_county_500k_Poly,GEOID,Completions_Oil,COMPLETI_1,,,,Industrial Land,Population,NLCD Land,,
USA,Completions at All Wells,686,cb_2014_us_county_500k_Poly,GEOID,Completions_All,COMPLETI_1,,,,Industrial Land,Population,NLCD Land,,
USA,Feet Drilled at All Wells,687,cb_2014_us_county_500k_Poly,GEOID,FeetDrilled_All,FEET_DRI_1,,,,Industrial Land,Population,NLCD Land,,
USA,Well Counts -  CBM Wells,691,cb_2014_us_county_500k_Poly,GEOID,CBMWell_Counts,CBM_WELLS1,,,,Industrial Land,Population,NLCD Land,,
USA,Spud Count - All Wells,692,cb_2014_us_county_500k_Poly,GEOID,SpudCount_All,SPUD_COU_1,,,,Industrial Land,Population,NLCD Land,,
USA,Well Count - All Wells,693,cb_2014_us_county_500k_Poly,GEOID,AllWells,TOTAL_WE_1,,,,Industrial Land,Population,NLCD Land,,
USA,Oil Production at Oil Wells,694,cb_2014_us_county_500k_Poly,GEOID,OilProduction,OIL_PROD_1,,,,Industrial Land,Population,NLCD Land,,
USA,Well Count - Oil Wells,695,cb_2014_us_county_500k_Poly,GEOID,OilWell_Counts,OIL_WELL_1,,,,Industrial Land,Population,NLCD Land,,
USA,Gas Production at Gas Wells,696,cb_2014_us_county_500k_Poly,GEOID,GasProduction,GAS_PROD_1,,,,Industrial Land,Population,NLCD Land,,
USA,Oil Production at Gas Wells,697,cb_2014_us_county_500k_Poly,GEOID,CondensateGasProd,CONDENSA_1,,,,Industrial Land,Population,NLCD Land,,
USA,Well Count - Gas Wells,698,cb_2014_us_county_500k_Poly,GEOID,GasWell_Counts,GAS_WELL_1,,,,Industrial Land,Population,NLCD Land,,
USA,Gas Production at CBM Wells,699,cb_2014_us_county_500k_Poly,GEOID,CBMProduction,CBM_PROD_1,,,,Industrial Land,Population,NLCD Land,,
USA,Airport Points,710,cb_2014_us_county_500k_Poly,GEOID,US_Airports_NEI08v2_WRF,TOTAL_EMIS,,,,Population,NLCD Land,,Number of Airports in the NEI08v2 weighted by total emissions,
USA,Airport Areas,711,cb_2014_us_county_500k_Poly,GEOID,airport-area,AREA,,,,Airport Points,Population,NLCD Land,Area of Commercial Airports,
USA,Port Areas,801,cb_2014_us_county_500k_Poly,GEOID,Ports_2014NEI,Area_sqmi,,,,Navigable Waterway Miles,NLCD Water,,Area of Port Locations,
USA,Gulf Shipping Lanes,803,ShippingLanes_2014NEI,FIPS,GulfofMexico_SupportVessels_Density_WRF,Fraction,,,,Offshore Shipping Area,Navigable Waterway Miles,NLCD Water,Area of near shore to offshore shipping lanes,
USA,Offshore Shipping Area,805,ShippingLanes_2014NEI,FIPS,ShippingLanes_2014NEI,Area_sqmi,,,,,,,NEI shipping surrogate of near shore to international waters boundary,
USA,Offshore Shipping NEI2014 Activity,9806,ShippingLanes_2014NEI,FIPS,ShippingLanes_2014NEI,ActivityKW,,,,Offshore Shipping Area,Navigable Waterway Miles,NLCD Water,NEI shipping surrogate of near shore to international waters boundary weighted by activity from the NEI2014,
USA,Offshore Shipping NEI2014 Activity,806,ShippingLanes_2014NEI,FIPS,ShippingLanes_2014NEI,ActivityKW,,,,Offshore Shipping Area,Navigable Waterway Miles,NLCD Water,NEI shipping surrogate of near shore to international waters boundary weighted by activity from the NEI2014,
USA,Navigable Waterway Miles,807,cb_2014_us_county_500k_Poly,GEOID,NTAD_2014_Waterway,LENGTH,,,,NLCD Water,,,NTAD line shapefile of navigable waterways,
USA,Ports NEI2014 Activity,820,cb_2014_us_county_500k_Poly,GEOID,Ports_2014NEI,ACTIVITYKW,,,,Port Areas,Navigable Waterway Miles,NLCD Water,Port areas weighted by activity from NEI2014,
USA,Golf Courses,850,cb_2014_us_county_500k_Poly,GEOID,POI-Factory_2015_GolfCourses,NONE,,,,Housing,Population,NLCD Land,Point locations of Golf Courses,
USA,Mines,860,cb_2014_us_county_500k_Poly,GEOID,USGS_2011_mines,NONE,,DEV_STAT=Producer,,Rural Housing,NLCD Land,,Active mine locations,
USA,Commercial Timber,890,cb_2014_us_county_500k_Poly,GEOID,USFS_2016_TimberHarvest,NONE,,,,NLCD Forest Land,Rural Housing,Population,Possible Timber Removal Locations,
CA,BULLS,92401,lcd_000b16a_e,FIPS,naesi_dat,BULLS,,,,,,,BULLS,
CA,BFCOWS,92402,lcd_000b16a_e,FIPS,naesi_dat,BFCOWS,,,,,,,BFCOWS,
CA,BFHEIF,92403,lcd_000b16a_e,FIPS,naesi_dat,BFHEIF,,,,,,,BFHEIF,
CA,CALFU1,92404,lcd_000b16a_e,FIPS,naesi_dat,CALFU1,,,,,,,CALFU1,
CA,FDHEIF,92405,lcd_000b16a_e,FIPS,naesi_dat,FDHEIF,,,,,,,FDHEIF,
CA,STEERS,92406,lcd_000b16a_e,FIPS,naesi_dat,STEERS,,,,,,,STEERS,
CA,MLKCOW,92407,lcd_000b16a_e,FIPS,naesi_dat,MLKCOW,,,,,,,MLKCOW,
CA,MLKHEIF,92408,lcd_000b16a_e,FIPS,naesi_dat,MLKHEIF,,,,,,,MLKHEIF,
CA,MBULLS,92409,lcd_000b16a_e,FIPS,naesi_dat,MBULLS,,,,,,,MBULLS,
CA,MCALFU1,92410,lcd_000b16a_e,FIPS,naesi_dat,MCALFU1,,,,,,,MCALFU1,
CA,BROILER,92412,lcd_000b16a_e,FIPS,naesi_dat,BROILER,,,,,,,BROILER,
CA,LAYHEN,92413,lcd_000b16a_e,FIPS,naesi_dat,LAYHEN,,,,,,,LAYHEN,
CA,TURKEY,92414,lcd_000b16a_e,FIPS,naesi_dat,TURKEY,,,,,,,TURKEY,
CA,BOARS,92416,lcd_000b16a_e,FIPS,naesi_dat,BOARS,,,,,,,BOARS,
CA,GRWPIG,92417,lcd_000b16a_e,FIPS,naesi_dat,GRWPIG,,,,,,,GRWPIG,
CA,NURPIG,92418,lcd_000b16a_e,FIPS,naesi_dat,NURPIG,,,,,,,NURPIG,
CA,SOWS,92419,lcd_000b16a_e,FIPS,naesi_dat,SOWS,,,,,,,SOWS,
CA,IMPAST,92421,lcd_000b16a_e,FIPS,naesi_dat,IMPAST,,,,,,,IMPAST,
CA,UNIMPAST,92422,lcd_000b16a_e,FIPS,naesi_dat,UNIMPAST,,,,,,,UNIMPAST,
CA,ALFALFA,92423,lcd_000b16a_e,FIPS,naesi_dat,ALFALFA,,,,,,,ALFALFA,
CA,BARLEY,92424,lcd_000b16a_e,FIPS,naesi_dat,BARLEY,,,,,,,BARLEY,
CA,BUCWHT,92425,lcd_000b16a_e,FIPS,naesi_dat,BUCWHT,,,,,,,BUCWHT,
CA,CANARY,92426,lcd_000b16a_e,FIPS,naesi_dat,CANARY,,,,,,,CANARY,
CA,CANOLA,92427,lcd_000b16a_e,FIPS,naesi_dat,CANOLA,,,,,,,CANOLA,
CA,CHICPEA,92428,lcd_000b16a_e,FIPS,naesi_dat,CHICPEA,,,,,,,CHICPEA,
CA,CORNGR,92429,lcd_000b16a_e,FIPS,naesi_dat,CORNGR,,,,,,,CORNGR,
CA,CORNSI,92430,lcd_000b16a_e,FIPS,naesi_dat,CORNSI,,,,,,,CORNSI,
CA,DFPEAS,92431,lcd_000b16a_e,FIPS,naesi_dat,DFPEAS,,,,,,,DFPEAS,
CA,FLAXSD,92432,lcd_000b16a_e,FIPS,naesi_dat,FLAXSD,,,,,,,FLAXSD,
CA,FORAGE,92433,lcd_000b16a_e,FIPS,naesi_dat,FORAGE,,,,,,,FORAGE,
CA,LENTIL,92434,lcd_000b16a_e,FIPS,naesi_dat,LENTIL,,,,,,,LENTIL,
CA,MUSTSD,92435,lcd_000b16a_e,FIPS,naesi_dat,MUSTSD,,,,,,,MUSTSD,
CA,MXDGRN,92436,lcd_000b16a_e,FIPS,naesi_dat,MXDGRN,,,,,,,MXDGRN,
CA,OATS,92437,lcd_000b16a_e,FIPS,naesi_dat,OATS,,,,,,,OATS,
CA,ODFBNS,92438,lcd_000b16a_e,FIPS,naesi_dat,ODFBNS,,,,,,,ODFBNS,
CA,OTTAME,92439,lcd_000b16a_e,FIPS,naesi_dat,OTTAME,,,,,,,OTTAME,
CA,POTATS,92440,lcd_000b16a_e,FIPS,naesi_dat,POTATS,,,,,,,POTATS,
CA,RYEFAL,92441,lcd_000b16a_e,FIPS,naesi_dat,RYEFAL,,,,,,,RYEFAL,
CA,RYESPG,92442,lcd_000b16a_e,FIPS,naesi_dat,RYESPG,,,,,,,RYESPG,
CA,SOYBNS,92443,lcd_000b16a_e,FIPS,naesi_dat,SOYBNS,,,,,,,SOYBNS,
CA,SUGARB,92444,lcd_000b16a_e,FIPS,naesi_dat,SUGARB,,,,,,,SUGARB,
CA,SUNFLS,92445,lcd_000b16a_e,FIPS,naesi_dat,SUNFLS,,,,,,,SUNFLS,
CA,TOBACO,92446,lcd_000b16a_e,FIPS,naesi_dat,TOBACO,,,,,,,TOBACO,
CA,TRITCL,92447,lcd_000b16a_e,FIPS,naesi_dat,TRITCL,,,,,,,TRITCL,
CA,WHITBN,92448,lcd_000b16a_e,FIPS,naesi_dat,WHITBN,,,,,,,WHITBN,
CA,WHTDUR,92449,lcd_000b16a_e,FIPS,naesi_dat,WHTDUR,,,,,,,WHTDUR,
CA,WHTSPG,92450,lcd_000b16a_e,FIPS,naesi_dat,WHTSPG,,,,,,,WHTSPG,
CA,WHTWIN,92451,lcd_000b16a_e,FIPS,naesi_dat,WHTWIN,,,,,,,WHTWIN,
CA,BEANS,92452,lcd_000b16a_e,FIPS,naesi_dat,BEANS,,,,,,,BEANS,
CA,CARROT,92453,lcd_000b16a_e,FIPS,naesi_dat,CARROT,,,,,,,CARROT,
CA,GRPEAS,92454,lcd_000b16a_e,FIPS,naesi_dat,GRPEAS,,,,,,,GRPEAS,
CA,OTHVEG,92455,lcd_000b16a_e,FIPS,naesi_dat,OTHVEG,,,,,,,OTHVEG,
CA,SWCORN,92456,lcd_000b16a_e,FIPS,naesi_dat,SWCORN,,,,,,,SWCORN,
CA,TOMATO,92457,lcd_000b16a_e,FIPS,naesi_dat,TOMATO,,,,,,,TOMATO,
CA,Population,9100,pr2001ca_regions_simplify,PRUID,da2006_pop_labour,DAPOP2006,,,,,,,Population,
CA,total dwelling,9101,pr2001ca_regions_simplify,PRUID,da2006_pop_labour,DATDWELL20,,,,,,,total dwelling,
CA,rural dwelling,9103,pr2001ca_regions_simplify,PRUID,da2006_pop_labour,DARDWELL20,,,,,,,rural dwelling,
CA,ALL_INDUST,9106,pr2001ca_regions_simplify,PRUID,da2006_pop_labour,ALL_INDUST,,,,,,,ALL_INDUST,
CA,Farms,9111,pr2001ca_regions_simplify,PRUID,da2006_pop_labour,FARMS,,,,,,,Farms,
CA,Forestry and logging,9113,pr2001ca_regions_simplify,PRUID,da2006_pop_labour,FORLOG,,,,,,,Forestry and logging,
CA,Oil and Gas Extraction,9211,pr2001ca_regions_simplify,PRUID,da2006_pop_labour,OILGASEXTR,,,,,,,Oil and Gas Extraction,
CA,Mining except oil and gas,9212,pr2001ca_regions_simplify,PRUID,da2006_pop_labour,MINING,,,,,,,Mining except oil and gas,
CA,Total Mining,9221,pr2001ca_regions_simplify,PRUID,da2006_pop_labour,TOTALMI2,,,,,,,Total Mining,
CA,Utilities,9222,pr2001ca_regions_simplify,PRUID,da2006_pop_labour,UTILITIES,,,,,,,Utilities,
CA,Total Land Development,9233,pr2001ca_regions_simplify,PRUID,da2006_pop_labour,TOTLND,,,,,,,Total Land Development,
CA,Food manufacturing,9308,pr2001ca_regions_simplify,PRUID,da2006_pop_labour,FOODMANU,,,,,,,Food manufacturing,
CA,Wood product manufacturing,9321,pr2001ca_regions_simplify,PRUID,da2006_pop_labour,WOODMANU,,,,,,,Wood product manufacturing,
CA,Printing and related support activities,9323,pr2001ca_regions_simplify,PRUID,da2006_pop_labour,PRINTSUPRT,,,,,,,Printing and related support activities,
CA,Petroleum and coal products manufacturing,9324,pr2001ca_regions_simplify,PRUID,da2006_pop_labour,PETCOLMANU,,,,,,,Petroleum and coal products manufacturing,
CA,Non-metallic mineral product manufacturing,9327,pr2001ca_regions_simplify,PRUID,da2006_pop_labour,MINERLMANU,,,,,,,Non-metallic mineral product manufacturing,
CA,Primary Metal Manufacturing,9331,pr2001ca_regions_simplify,PRUID,da2006_pop_labour,METALMANU,,,,,,,Primary Metal Manufacturing,
CA,Petroleum product wholesaler-distributors,9412,pr2001ca_regions_simplify,PRUID,da2006_pop_labour,PETPRWSL,,,,,,,Petroleum product wholesaler-distributors,
CA,Building material and supplies wholesaler-distributors,9416,pr2001ca_regions_simplify,PRUID,da2006_pop_labour,BUILDPRWSL,,,,,,,Building material and supplies wholesaler-distributors,
CA,Gasoline stations,9447,pr2001ca_regions_simplify,PRUID,da2006_pop_labour,GASSTOR,,,,,,,Gasoline stations,
CA,clothing and clothing accessories stores,9448,pr2001ca_regions_simplify,PRUID,da2006_pop_labour,CLOTHSTOR,,,,,,,clothing and clothing accessories stores,
CA,Air transportation,9481,pr2001ca_regions_simplify,PRUID,da2006_pop_labour,AIRTRANS,,,,,,,Air transportation,
CA,Rail transportation,9482,pr2001ca_regions_simplify,PRUID,da2006_pop_labour,RAILTRANS,,,,,,,Rail transportation,
CA,Waste management and remediation services,9562,pr2001ca_regions_simplify,PRUID,da2006_pop_labour,WASTEMGMT,,,,,,,Waste management and remediation services,
CA,Commercial Fuel Combustion,9921,pr2001ca_regions_simplify,PRUID,da2006_pop_labour,COMFUEL,,,,,,,Commercial Fuel Combustion,
CA,Primary Industry,9924,pr2001ca_regions_simplify,PRUID,da2006_pop_labour,PRIMARY,,,,,,,Primary Industry,
CA,Manufacturing and Assembly,9925,pr2001ca_regions_simplify,PRUID,da2006_pop_labour,MANASSEM,,,,,,,Manufacturing and Assembly,
CA,CANRAIL,9932,pr2001ca_regions_simplify,PRUID,CANRAIL,NONE,,,,,,,Railroads,
CA,PAVED ROADS,9941,pr2001ca_regions_simplify,PRUID,paved4,NONE,,,,,,,Paved roads,
CA,UNPAVED ROADS,9942,pr2001ca_regions_simplify,PRUID,unpaved4,NONE,,,,,,,Non paved roads,
CA,Commercial Marine Vessels,9945,lowmedjet_ll,CLASS,marine,SO2,,,,,,,Commercial Marine Vessels,
CA,Construction and mining,9946,pr2001ca_regions_simplify,PRUID,,,,,0.5*Mining except oil and gas+0.5*Total Land Development,,,,Combination of mining and construction,
CA,Forest,9948,pr2001ca_regions_simplify,PRUID,treesa,NONE,,,,,,,Forest,
CA,Combination of Forest and Dwelling,9950,pr2001ca_regions_simplify,PRUID,,,,,0.50*Forest+0.50*total dwelling,,,,Combination 50pct forest and 50pct dwelling,
CA,UNPAVED_ROADS_AND_TRAILS,9955,pr2001ca_regions_simplify,PRUID,unpaved5,NONE,,,,,,,Non paved roads and trails,
CA,TOTBEEF,9960,pr2001ca_regions_simplify,PRUID,naesi_livestk,TOTBEEF,,,,,,,TOTBEEF,
CA,TOTPOUL,9970,pr2001ca_regions_simplify,PRUID,naesi_livestk,TOTPOULT,,,,,,,TOTPOUL,
CA,TOTSWIN,9980,pr2001ca_regions_simplify,PRUID,naesi_livestk,TOTSWINE,,,,,,,TOTSWIN,
CA,TOTFERT,9990,pr2001ca_regions_simplify,PRUID,naesi_fert,TOTFERT,,,,,,,TOTFERT,
CA,urban_area,9996,pr2001ca_regions_simplify,PRUID,ua2001,NONE,,,,,,,urban area 2001,
CA,CHBOISQC,9997,pr2001ca_regions_simplify,PRUID,chboisv8S0_,AF,,,,,,,residential wood heating for quebec,
CA,traffic_bcw,91201,pr2001ca_regions_bc_waste,PRID,merge123_10km,TRAFFIC,,,,,,,combination of 50pct pop and 50pct roads (30pct highways + 70 roads) include BC waste regions,
MEX,Population,10,REP_CRUCES,ID_MUN,REPMEX_ES_HEAT1,P001,,,,,,,Census 2000,
MEX,Housing,12,REP_CRUCES,ID_MUN,com_ind_viv,110_2000,,,,Population,,,Census 2000,
MEX,MEX Residential Heating - Wood,14,REP_CRUCES,ID_MUN,REPMEX_ES_HEAT1,HOG_LENA,,,,Housing,,,Census 2000,
MEX,MEX Residential Heating - Distillate Oil,16,REP_CRUCES,ID_MUN,REPMEX_ES_HEAT1,HOGAR__PET,,,,Housing,,,Census 2000,
MEX,MEX Residential Heating - Coal,18,REP_CRUCES,ID_MUN,REPMEX_ES_HEAT1,HOGAR_CARB,,,,Housing,,,Census 2000,
MEX,MEX Residential Heating - LP Gas,20,REP_CRUCES,ID_MUN,REPMEX_ES_HEAT1,HOG_GAS,,,,Housing,,,Census 2000,
MEX,MEX Total Road Miles,22,REP_CRUCES,ID_MUN,carretera_ESPHE,SHAPE_len,,,,,,,INEGI,
MEX,MEX Total Railroads Miles,24,REP_CRUCES,ID_MUN,mexico_rr,LENGTH,,,,,,,,
MEX,MEX Total Agriculture,26,REP_CRUCES,ID_MUN,A_Agricola,HA,,,,,,,INEGI,
MEX,MEX Forest Land,28,REP_CRUCES,ID_MUN,BOSQUE_LAD,320_2000,,,,,,,INEGI,
MEX,Land,30,REP_CRUCES,ID_MUN,REPMEX_ES_HEAT1,P001,,,,,,,Census 2000,
MEX,MEX Commercial Land,32,REP_CRUCES,ID_MUN,com_ind_viv,500_2000,,,,Land,,,Economic census 2000,
MEX,MEX Industrial Land,34,REP_CRUCES,ID_MUN,com_ind_viv,505_2000,,,,Land,,,Economic census 2000,
MEX,MEX Commercial plus Industrial Land,36,REP_CRUCES,ID_MUN,com_ind_viv,510_2000,,,,Land,,,Economic census 2000,
MEX,MEX Commercial plus Institutional Land,38,REP_CRUCES,ID_MUN,com_ind_viv,515_2000,,,,Land,,,Economic census 2000,
MEX,Residential (RES1-4)+Comercial+Industrial+Institutional+Government,40,REP_CRUCES,ID_MUN,com_ind_viv,535_2000,,,,Land,,,Economic census 2000,
MEX,MEX Personal Repair (COM3),42,REP_CRUCES,ID_MUN,REP_CRUCES,545_1999,,,,Population,,,Economic census 2000,
MEX,Airports Area,44,REP_CRUCES,ID_MUN,mexico_air,VALUE,,,,,,,,
MEX,MEX Marine Ports,46,REP_CRUCES,ID_MUN,mexico_ports,VALUE,,,,,,,,
MEX,Brick Kilns - Mexico,48,REP_CRUCES,ID_MUN,BOSQUE_LAD,LAD_2000,,,,,,,Economic census 2000,
MEX,Border Crossings,50,REP_CRUCES,ID_MUN,hwybdrx,NONE,,,,MEX Total Road Miles,,,,
